"Path","Slice Name","Alias(s)","Label","Min","Max","Must Support?","Is Modifier?","Is Summary?","Type(s)","Short","Definition","Comments","Requirements","Default Value","Meaning When Missing","Fixed Value","Pattern","Example","Minimum Value","Maximum Value","Maximum Length","Binding Strength","Binding Description","Binding Value Set","Code","Slicing Discriminator","Slicing Description","Slicing Ordered","Slicing Rules","Base Path","Base Min","Base Max","Condition(s)","Constraint(s)","Mapping: Workflow Pattern","Mapping: FiveWs Pattern Mapping","Mapping: Canadian Dental Association eclaims standard","Mapping: RIM Mapping"
"CoverageEligibilityResponse","","","",0,*,"","","","","CoverageEligibilityResponse resource","This resource provides eligibility and plan details from the processing of an CoverageEligibilityRequest resource.","","","","","","","","","",,,,,"",,,,"DomainResource",0,*,"","dom-2:If the resource is contained in another resource, it SHALL NOT contain nested Resources {contained.contained.empty()}
dom-3:If the resource is contained in another resource, it SHALL be referred to from elsewhere in the resource or SHALL refer to the containing resource {contained.where((('#'+id in (%resource.descendants().reference | %resource.descendants().as(canonical) | %resource.descendants().as(uri) | %resource.descendants().as(url))) or descendants().where(reference = '#').exists() or descendants().where(as(canonical) = '#').exists() or descendants().where(as(canonical) = '#').exists()).not()).trace('unmatched', id).empty()}dom-4:If a resource is contained in another resource, it SHALL NOT have a meta.versionId or a meta.lastUpdated {contained.meta.versionId.empty() and contained.meta.lastUpdated.empty()}dom-5:If a resource is contained in another resource, it SHALL NOT have a security label {contained.meta.security.empty()}dom-6:A resource should have narrative for robust management {text.`div`.exists()}","Event","Entity. Role, or Act"
"CoverageEligibilityResponse.id","","","",0,1,"","","Y","string {[]} {[]}
","Logical id of this artifact","The logical id of the resource, as used in the URL for the resource. Once assigned, this value never changes.","The only time that a resource does not have an id is when it is being submitted to the server using a create operation.","","","","","","","","",,,,,"",,,,"Resource.id",0,1,"",""
"CoverageEligibilityResponse.meta","","","",0,1,"","","Y","Meta {[]} {[]}
","Metadata about the resource","The metadata about the resource. This is content that is maintained by the infrastructure. Changes to the content might not always be associated with version changes to the resource.","","","","","","","","","",,,,,"",,,,"Resource.meta",0,1,"","ele-1:All FHIR elements must have a @value or children {hasValue() or (children().count() > id.count())}
"
"CoverageEligibilityResponse.implicitRules","","","",0,1,"","Y","Y","uri {[]} {[]}
","A set of rules under which this content was created","A reference to a set of rules that were followed when the resource was constructed, and which must be understood when processing the content. Often, this is a reference to an implementation guide that defines the special rules along with other profiles etc.","Asserting this rule set restricts the content to be only understood by a limited set of trading partners. This inherently limits the usefulness of the data in the long term. However, the existing health eco-system is highly fractured, and not yet ready to define, collect, and exchange data in a generally computable sense. Wherever possible, implementers and/or specification writers should avoid using this element. Often, when used, the URL is a reference to an implementation guide that defines these special rules as part of it's narrative along with other profiles, value sets, etc.","","","","","","","","",,,,,"",,,,"Resource.implicitRules",0,1,"","ele-1:All FHIR elements must have a @value or children {hasValue() or (children().count() > id.count())}
"
"CoverageEligibilityResponse.language","","","",0,1,"","","","code {[]} {[]}
","Language of the resource content","The base language in which the resource is written.","Language is provided to support indexing and accessibility (typically, services such as text to speech use the language tag). The html language tag in the narrative applies  to the narrative. The language tag on the resource may be used to specify the language of other presentations generated from the data in the resource. Not all the content has to be in the base language. The Resource.language should not be assumed to apply to the narrative automatically. If a language is specified, it should it also be specified on the div element in the html (see rules in HTML5 for information about the relationship between xml:lang and the html lang attribute).","","","","","","","","",,"preferred","A human language.","http://hl7.org/fhir/ValueSet/languages","",,,,"Resource.language",0,1,"","ele-1:All FHIR elements must have a @value or children {hasValue() or (children().count() > id.count())}
"
"CoverageEligibilityResponse.text","","narrative
htmlxhtmldisplay","",0,1,"","","","Narrative {[]} {[]}
","Text summary of the resource, for human interpretation","A human-readable narrative that contains a summary of the resource and can be used to represent the content of the resource to a human. The narrative need not encode all the structured data, but is required to contain sufficient detail to make it ""clinically safe"" for a human to just read the narrative. Resource definitions may define what content should be represented in the narrative to ensure clinical safety.","Contained resources do not have narrative. Resources that are not contained SHOULD have a narrative. In some cases, a resource may only have text with little or no additional discrete data (as long as all minOccurs=1 elements are satisfied).  This may be necessary for data from legacy systems where information is captured as a ""text blob"" or where text is additionally entered raw or narrated and encoded information is added later.","","","","","","","","",,,,,"",,,,"DomainResource.text",0,1,"","ele-1:All FHIR elements must have a @value or children {hasValue() or (children().count() > id.count())}
","Act.text?"
"CoverageEligibilityResponse.contained","","inline resources
anonymous resourcescontained resources","",0,*,"","","","Resource {[]} {[]}
","Contained, inline Resources","These resources do not have an independent existence apart from the resource that contains them - they cannot be identified independently, and nor can they have their own independent transaction scope.","This should never be done when the content can be identified properly, as once identification is lost, it is extremely difficult (and context dependent) to restore it again. Contained resources may have profiles and tags In their meta elements, but SHALL NOT have security labels.","","","","","","","","",,,,,"",,,,"DomainResource.contained",0,*,"","","N/A"
"CoverageEligibilityResponse.extension","","extensions
user content","",0,*,"","","","Extension {[]} {[]}
","Additional content defined by implementations","May be used to represent additional information that is not part of the basic definition of the resource. To make the use of extensions safe and manageable, there is a strict set of governance  applied to the definition and use of extensions. Though any implementer can define an extension, there is a set of requirements that SHALL be met as part of the definition of the extension.","There can be no stigma associated with the use of extensions by any application, project, or standard - regardless of the institution or jurisdiction that uses or defines the extensions.  The use of extensions is what allows the FHIR specification to retain a core level of simplicity for everyone.","","","","","","","","",,,,,"","value:url}
","Extensions are always sliced by (at least) url",,"open","DomainResource.extension",0,*,"","ele-1:All FHIR elements must have a @value or children {hasValue() or (children().count() > id.count())}
ext-1:Must have either extensions or value[x], not both {extension.exists() != value.exists()}","N/A"
"CoverageEligibilityResponse.modifierExtension","","extensions
user content","",0,*,"","Y","","Extension {[]} {[]}
","Extensions that cannot be ignored","May be used to represent additional information that is not part of the basic definition of the resource and that modifies the understanding of the element that contains it and/or the understanding of the containing element's descendants. Usually modifier elements provide negation or qualification. To make the use of extensions safe and manageable, there is a strict set of governance applied to the definition and use of extensions. Though any implementer is allowed to define an extension, there is a set of requirements that SHALL be met as part of the definition of the extension. Applications processing a resource are required to check for modifier extensions.

Modifier extensions SHALL NOT change the meaning of any elements on Resource or DomainResource (including cannot change the meaning of modifierExtension itself).","There can be no stigma associated with the use of extensions by any application, project, or standard - regardless of the institution or jurisdiction that uses or defines the extensions.  The use of extensions is what allows the FHIR specification to retain a core level of simplicity for everyone.","Modifier extensions allow for extensions that *cannot* be safely ignored to be clearly distinguished from the vast majority of extensions which can be safely ignored.  This promotes interoperability by eliminating the need for implementers to prohibit the presence of extensions. For further information, see the [definition of modifier extensions](http://hl7.org/fhir/R4/extensibility.html#modifierExtension).","","","","","","","",,,,,"","value:url}
","Extensions are always sliced by (at least) url",,"open","DomainResource.modifierExtension",0,*,"","ele-1:All FHIR elements must have a @value or children {hasValue() or (children().count() > id.count())}
ext-1:Must have either extensions or value[x], not both {extension.exists() != value.exists()}","N/A"
"CoverageEligibilityResponse.created","","","",1,1,"","","Y","dateTime {[]} {[]}
","Response creation date","The date this resource was created.","","Need to record a timestamp for use by both the recipient and the issuer.","","","","","","","",,,,,"",,,,"CoverageEligibilityResponse.created",1,1,"","","FiveWs.recorded"
"CoverageEligibilityResponse.disposition","","","",0,1,"","","","string {[]} {[]}
","Disposition Message","A human readable description of the status of the adjudication.","","Provided for user display.","","","","","","","",,,,,"",,,,"CoverageEligibilityResponse.disposition",0,1,"","","Event.note"
"CoverageEligibilityResponse.error","","","",0,*,"","","","BackboneElement {[]} {[]}
","Processing errors","Errors encountered during the processing of the request.","","Need to communicate processing issues to the requestor.","","","","","","","",,,,,"",,,,"CoverageEligibilityResponse.error",0,*,"",""
"CoverageEligibilityResponse.error.code","","","",1,1,"","","","CodeableConcept {[]} {[]}
","Error code detailing processing issues","An error code,from a specified code system, which details why the eligibility check could not be performed.","","Required to convey processing errors.","","","","","","","",,"example","The error codes for adjudication processing.","http://hl7.org/fhir/ValueSet/adjudication-error","",,,,"CoverageEligibilityResponse.error.code",1,1,"",""
"CoverageEligibilityResponse.form","","","",0,1,"","","","CodeableConcept {[]} {[]}
","Printed form identifier","A code for the form to be used for printing the content.","May be needed to identify specific jurisdictional forms.","Needed to specify the specific form used for producing output for this response.","","","","","","","",,"example","The forms codes.","http://hl7.org/fhir/ValueSet/forms","",,,,"CoverageEligibilityResponse.form",0,1,"","","G42"
"CoverageEligibilityResponse.identifier","","","",1,1,"","","","Identifier {[]} {[]}
","Business Identifier for coverage eligiblity request","A unique identifier assigned to this coverage eligiblity request.","","Allows coverage eligibility requests to be distinguished and referenced.","","","","","","","",,,,,"",,,,"CoverageEligibilityResponse.identifier",1,1,"","","Event.identifier","FiveWs.identifier"
"CoverageEligibilityResponse.insurance","","","",0,*,"","","","BackboneElement {[]} {[]}
","Patient insurance information","Financial instruments for reimbursement for the health care products and services.","All insurance coverages for the patient which may be applicable for reimbursement, of the products and services listed in the claim, are typically provided in the claim to allow insurers to confirm the ordering of the insurance coverages relative to local 'coordination of benefit' rules. One coverage (and only one) with 'focal=true' is to be used in the adjudication of this claim. Coverages appearing before the focal Coverage in the list, and where 'subrogation=false', should provide a reference to the ClaimResponse containing the adjudication results of the prior claim.","There must be at least one coverage for which eligibility is requested.","","","","","","","",,,,,"",,,,"CoverageEligibilityResponse.insurance",0,*,"",""
"CoverageEligibilityResponse.insurance.benefitPeriod","","","",0,1,"","","","Period {[]} {[]}
","When the benefits are applicable","The term of the benefits documented in this response.","","Needed as coverages may be multi-year while benefits tend to be annual therefore a separate expression of the benefit period is needed.","","","","","","","",,,,,"",,,,"CoverageEligibilityResponse.insurance.benefitPeriod",0,1,"",""
"CoverageEligibilityResponse.insurance.coverage","","","",1,1,"","","Y","Reference {[]} {[CanonicalType[http://hl7.org/fhir/StructureDefinition/Coverage]]}
","Insurance information","Reference to the insurance card level information contained in the Coverage resource. The coverage issuing insurer will use these details to locate the patient's actual coverage within the insurer's information system.","","Required to allow the adjudicator to locate the correct policy and history within their information system.","","","","","","","",,,,,"",,,,"CoverageEligibilityResponse.insurance.coverage",1,1,"",""
"CoverageEligibilityResponse.insurance.inforce","","","",0,1,"","","","boolean {[]} {[]}
","Coverage inforce indicator","Flag indicating if the coverage provided is inforce currently if no service date(s) specified or for the whole duration of the service dates.","","Needed to convey the answer to the eligibility validation request.","","","","","","","",,,,,"",,,,"CoverageEligibilityResponse.insurance.inforce",0,1,"",""
"CoverageEligibilityResponse.insurance.item","","","",0,*,"","","","BackboneElement {[]} {[]}
","Benefits and authorization details","Benefits and optionally current balances, and authorization details by category or service.","","","","","","","","","",,,,,"",,,,"CoverageEligibilityResponse.insurance.item",0,*,"","ces-1:SHALL contain a category or a billcode but not both. {category.exists() xor productOrService.exists()}
"
"CoverageEligibilityResponse.insurance.item.authorizationRequired","","","",0,1,"","","","boolean {[]} {[]}
","Authorization required flag","A boolean flag indicating whether a preauthorization is required prior to actual service delivery.","","Needed to convey that preauthorization is required.","","","","","","","",,,,,"",,,,"CoverageEligibilityResponse.insurance.item.authorizationRequired",0,1,"",""
"CoverageEligibilityResponse.insurance.item.authorizationSupporting","","","",0,*,"","","","CodeableConcept {[]} {[]}
","Type of required supporting materials","Codes or comments regarding information or actions associated with the preauthorization.","","Needed to inform the provider of collateral materials or actions needed for preauthorization.","","","","","","","",,"example","Type of supporting information to provide with a preauthorization.","http://hl7.org/fhir/ValueSet/coverageeligibilityresponse-ex-auth-support","",,,,"CoverageEligibilityResponse.insurance.item.authorizationSupporting",0,*,"",""
"CoverageEligibilityResponse.insurance.item.authorizationUrl","","","",0,1,"","","","uri {[]} {[]}
","Preauthorization requirements endpoint","A web location for obtaining requirements or descriptive information regarding the preauthorization.","","Needed to enable insurers to advise providers of informative information.","","","","","","","",,,,,"",,,,"CoverageEligibilityResponse.insurance.item.authorizationUrl",0,1,"",""
"CoverageEligibilityResponse.insurance.item.benefit","","","",0,*,"","","","BackboneElement {[]} {[]}
","Benefit Summary","Benefits used to date.","","","","","","","","","",,,,,"",,,,"CoverageEligibilityResponse.insurance.item.benefit",0,*,"",""
"CoverageEligibilityResponse.insurance.item.benefit.allowed[x]","","","",0,1,"","","","unsignedInt {[]} {[]}
string {[]} {[]}Money {[]} {[]}","Benefits allowed","The quantity of the benefit which is permitted under the coverage.","","Needed to convey the benefits offered under the coverage.","","","","","","","",,,,,"",,,,"CoverageEligibilityResponse.insurance.item.benefit.allowed[x]",0,1,"",""
"CoverageEligibilityResponse.insurance.item.benefit.type","","","",1,1,"","","","CodeableConcept {[]} {[]}
","Benefit classification","Classification of benefit being provided.","For example: deductible, visits, benefit amount.","Needed to convey the nature of the benefit.","","","","","","","",,"example","Deductable, visits, co-pay, etc.","http://hl7.org/fhir/ValueSet/benefit-type","",,,,"CoverageEligibilityResponse.insurance.item.benefit.type",1,1,"",""
"CoverageEligibilityResponse.insurance.item.benefit.used[x]","","","",0,1,"","","","unsignedInt {[]} {[]}
string {[]} {[]}Money {[]} {[]}","Benefits used","The quantity of the benefit which have been consumed to date.","","Needed to convey the benefits consumed to date.","","","","","","","",,,,,"",,,,"CoverageEligibilityResponse.insurance.item.benefit.used[x]",0,1,"",""
"CoverageEligibilityResponse.insurance.item.category","","","",0,1,"","","","CodeableConcept {[]} {[]}
","Benefit classification","Code to identify the general type of benefits under which products and services are provided.","Examples include Medical Care, Periodontics, Renal Dialysis, Vision Coverage.","Needed to convey the category of service or product for which eligibility is sought.","","","","","","","",,"example","Benefit categories such as: oral, medical, vision etc.","http://hl7.org/fhir/ValueSet/ex-benefitcategory","",,,,"CoverageEligibilityResponse.insurance.item.category",0,1,"",""
"CoverageEligibilityResponse.insurance.item.description","","","",0,1,"","","","string {[]} {[]}
","Description of the benefit or services covered","A richer description of the benefit or services covered.","For example 'DENT2 covers 100% of basic, 50% of major but excludes Ortho, Implants and Cosmetic services'.","Needed for human readable reference.","","","","","","","",,,,,"",,,,"CoverageEligibilityResponse.insurance.item.description",0,1,"",""
"CoverageEligibilityResponse.insurance.item.excluded","","","",0,1,"","","","boolean {[]} {[]}
","Excluded from the plan","True if the indicated class of service is excluded from the plan, missing or False indicates the product or service is included in the coverage.","","Needed to identify items that are specifically excluded from the coverage.","","","","","","","",,,,,"",,,,"CoverageEligibilityResponse.insurance.item.excluded",0,1,"",""
"CoverageEligibilityResponse.insurance.item.modifier","","","",0,*,"","","","CodeableConcept {[]} {[]}
","Product or service billing modifiers","Item typification or modifiers codes to convey additional context for the product or service.","For example in Oral whether the treatment is cosmetic or associated with TMJ, or for Medical whether the treatment was outside the clinic or out of office hours.","To support provision of the item or to charge an elevated fee.","","","","","","","",,"example","Item type or modifiers codes, eg for Oral whether the treatment is cosmetic or associated with TMJ, or an appliance was lost or stolen.","http://hl7.org/fhir/ValueSet/claim-modifiers","",,,,"CoverageEligibilityResponse.insurance.item.modifier",0,*,"",""
"CoverageEligibilityResponse.insurance.item.name","","","",0,1,"","","","string {[]} {[]}
","Short name for the benefit","A short name or tag for the benefit.","For example: MED01, or DENT2.","Required to align with other plan names.","","","","","","","",,,,,"",,,,"CoverageEligibilityResponse.insurance.item.name",0,1,"",""
"CoverageEligibilityResponse.insurance.item.network","","","",0,1,"","","","CodeableConcept {[]} {[]}
","In or out of network","Is a flag to indicate whether the benefits refer to in-network providers or out-of-network providers.","","Needed as in or out of network providers are treated differently under the coverage.","","","","","","","",,"example","Code to classify in or out of network services.","http://hl7.org/fhir/ValueSet/benefit-network","",,,,"CoverageEligibilityResponse.insurance.item.network",0,1,"",""
"CoverageEligibilityResponse.insurance.item.productOrService","","Drug Code
Bill CodeService Code","",0,1,"","","","CodeableConcept {[]} {[]}
","Billing, service, product, or drug code","This contains the product, service, drug or other billing code for the item.","Code to indicate the Professional Service or Product supplied (e.g. CTP, HCPCS, USCLS, ICD10, NCPDP, DIN, RxNorm, ACHI, CCI).","Needed to convey the actual service or product for which eligibility is sought.","","","","","","","",,"example","Allowable service and product codes.","http://hl7.org/fhir/ValueSet/service-uscls","",,,,"CoverageEligibilityResponse.insurance.item.productOrService",0,1,"",""
"CoverageEligibilityResponse.insurance.item.provider","","","",0,1,"","","","Reference {[]} {[CanonicalType[http://hl7.org/fhir/StructureDefinition/Practitioner], CanonicalType[http://hl7.org/fhir/StructureDefinition/PractitionerRole]]}
","Performing practitioner","The practitioner who is eligible for the provision of the product or service.","","Needed to convey the eligible provider.","","","","","","","",,,,,"",,,,"CoverageEligibilityResponse.insurance.item.provider",0,1,"","","FiveWs.source","B01"
"CoverageEligibilityResponse.insurance.item.term","","","",0,1,"","","","CodeableConcept {[]} {[]}
","Annual or lifetime","The term or period of the values such as 'maximum lifetime benefit' or 'maximum annual visits'.","","Needed for the understanding of the benefits.","","","","","","","",,"example","Coverage unit - annual, lifetime.","http://hl7.org/fhir/ValueSet/benefit-term","",,,,"CoverageEligibilityResponse.insurance.item.term",0,1,"",""
"CoverageEligibilityResponse.insurance.item.unit","","","",0,1,"","","","CodeableConcept {[]} {[]}
","Individual or family","Indicates if the benefits apply to an individual or to the family.","","Needed for the understanding of the benefits.","","","","","","","",,"example","Unit covered/serviced - individual or family.","http://hl7.org/fhir/ValueSet/benefit-unit","",,,,"CoverageEligibilityResponse.insurance.item.unit",0,1,"",""
"CoverageEligibilityResponse.insurer","","","",1,1,"","","Y","Reference {[]} {[CanonicalType[http://hl7.org/fhir/StructureDefinition/Organization]]}
","Coverage issuer","The Insurer who issued the coverage in question and is the author of the response.","","Need to identify the author.","","","","","","","",,,,,"",,,,"CoverageEligibilityResponse.insurer",1,1,"",""
"CoverageEligibilityResponse.outcome","","","",1,1,"","","Y","code {[]} {[]}
","queued | complete | error | partial","The outcome of the request processing.","The resource may be used to indicate that: the request has been held (queued) for processing; that it has been processed and errors found (error); that no errors were found and that some of the adjudication has been undertaken (partial) or that all of the adjudication has been undertaken (complete).","To advise the requestor of an overall processing outcome.","","","","","","","",,"required","The outcome of the processing.","http://hl7.org/fhir/ValueSet/remittance-outcome|4.0.1","",,,,"CoverageEligibilityResponse.outcome",1,1,"",""
"CoverageEligibilityResponse.patient","","","",1,1,"","","Y","Reference {[]} {[CanonicalType[http://hl7.org/fhir/StructureDefinition/Patient]]}
","Intended recipient of products and services","The party who is the beneficiary of the supplied coverage and for whom eligibility is sought.","","Required to provide context and coverage validation.","","","","","","","",,,,,"",,,,"CoverageEligibilityResponse.patient",1,1,"","","Event.subject","FiveWs.subject[x]","FiveWs.subject","C06,C07,C08, C05, C04"
"CoverageEligibilityResponse.preAuthRef","","","",0,1,"","","","string {[]} {[]}
","Preauthorization reference","A reference from the Insurer to which these services pertain to be used on further communication and as proof that the request occurred.","","To provide any preauthorization reference for provider use.","","","","","","","",,,,,"",,,,"CoverageEligibilityResponse.preAuthRef",0,1,"","","F03","23"
"CoverageEligibilityResponse.purpose","","","",1,*,"","","Y","code {[]} {[]}
","auth-requirements | benefits | discovery | validation","Code to specify whether requesting: prior authorization requirements for some service categories or billing codes; benefits for coverages specified or discovered; discovery and return of coverages for the patient; and/or validation that the specified coverage is in-force at the date/period specified or 'now' if not specified.","","To indicate the processing actions requested.","","","","","","","",,"required","A code specifying the types of information being requested.","http://hl7.org/fhir/ValueSet/eligibilityresponse-purpose|4.0.1","",,,,"CoverageEligibilityResponse.purpose",1,*,"","","FiveWs.class"
"CoverageEligibilityResponse.request","","","",1,1,"","","Y","Reference {[]} {[CanonicalType[http://hl7.org/fhir/StructureDefinition/CoverageEligibilityRequest]]}
","Eligibility request reference","Reference to the original request resource.","","Needed to allow the response to be linked to the request.","","","","","","","",,,,,"",,,,"CoverageEligibilityResponse.request",1,1,"","","Event.basedOn","FiveWs.why[x]","A02|G01"
"CoverageEligibilityResponse.requestor","","","",1,1,"","","","Reference {[]} {[CanonicalType[http://hl7.org/fhir/StructureDefinition/Practitioner], CanonicalType[http://hl7.org/fhir/StructureDefinition/PractitionerRole], CanonicalType[http://hl7.org/fhir/StructureDefinition/Organization]]}
","Party responsible for the request","The provider which is responsible for the request.","Typically this field would be 1..1 where this party is responsible for the claim but not necessarily professionally responsible for the provision of the individual products and services listed below.","","","","","","","","",,,,,"",,,,"CoverageEligibilityResponse.requestor",1,1,"","","FiveWs.source","B01"
"CoverageEligibilityResponse.serviced[x]","","","",0,1,"","","","date {[]} {[]}
Period {[]} {[]}","Estimated date or dates of service","The date or dates when the enclosed suite of services were performed or completed.","","Required to provide time context for the request.","","","","","","","",,,,,"",,,,"CoverageEligibilityResponse.serviced[x]",0,1,"","","FiveWs.done[x]","F09"
"CoverageEligibilityResponse.status","","","",1,1,"","Y","Y","code {[]} {[]}
","active | cancelled | draft | entered-in-error","The status of the resource instance.","This element is labeled as a modifier because the status contains codes that mark the resource as not currently valid.","Need to track the status of the resource as 'draft' resources may undergo further edits while 'active' resources are immutable and may only have their status changed to 'cancelled'.","","","","","","","",,"required","A code specifying the state of the resource instance.","http://hl7.org/fhir/ValueSet/fm-status|4.0.1","",,,,"CoverageEligibilityResponse.status",1,1,"","","Event.status","FiveWs.status"
